"","Size10_Net1","Size10_Net2","Size10_Net3","Size10_Net4","Size10_Net5","Size50_Net1","Size50_Net2","Size50_Net3","Size50_Net4","Size50_Net5","Size100_Net1","Size100_Net2","Size100_Net3","Size100_Net4","Size100_Net5"
"NME",0.700805524,0.685333333,0.675625,0.6228,0.618315508,0.6121,0.6051,0.6052,0.5461,0.5437,0.5711,0.5913,0.5796,0.5415,0.5428
"GENIE3",0.5788262,0.4542222,0.5575,0.6627692,0.3850267,0.582,0.557,0.566,0.558,0.549,0.5600597,0.5902844,0.5349916,0.564,0.5115286
"nonlinear-ODE",0.5017,0.5511,0.5675,0.6233,0.495320856,0.541,0.5487,0.5337,0.5027,0.50672,0.4993,0.576,0.5063,0.5391,0.5186
