,Insilico10_Net1,Insilico10_Net2,Insilico10_Net3,Insilico10_Net4,Insilico10_Net5
NME,0.700805524,0.685333333,0.675625,0.6228,0.618315508
GENIE3,0.5788262,0.4542222,0.5575,0.6627692,0.3850267
nonlinear-ODE,0.5017,0.5511,0.5675,0.6233,0.495320856
