,Insilico50_Net1,Insilico50_Net2,Insilico50_Net3,Insilico50_Net4,Insilico50_Net5
NME,0.646,0.658,0.5871,0.593,0.602
GENIE3,0.541,0.6319525,0.5610083,0.586,0.579
nonlinear-ODE,0.4375,0.5818,0.5502,0.575,0.575
