,Insilico10_Net1,Insilico10_Net2,Insilico10_Net3,Insilico10_Net4,Insilico10_Net5
NME,0.730149597,0.806222222,0.630625,0.6714,0.678475936
GENIE3,0.5960875,0.654,0.4975,0.5513846,0.5815508
nonlinear-ODE,0.5247,0.5457,0.5575,0.5766,0.6036
