"","Insilico100_Net1","Insilico100_Net2","Insilico100_Net3","Insilico100_Net4","Insilico100_Net5"
"NME",0.6541,0.6212,0.6213,0.5471,0.5344
"GENIE3",0.6636735,0.604,0.6476349,0.551,0.5168685
"nonlinear-ODE",0.5559,0.5356,0.622,0.5476,0.538
