"","Insilico100_Net1","Insilico100_Net2","Insilico100_Net3","Insilico100_Net4","Insilico100_Net5"
"NME",0.5711,0.5913,0.5796,0.5415,0.5428
"GENIE3",0.5600597,0.5902844,0.5349916,0.564,0.5115286
"nonlinear-ODE",0.4993,0.576,0.5063,0.5391,0.5186
